"","Group.1","tempm","hum","pressurem","pressurei"
"1",20150101,8.49583333333333,82.7916666666667,1023.21805555556,30.2190277777778
"2",20150102,16.7319444444444,97.5972222222222,1018.19722222222,30.0708333333333
"3",20150103,17.2166666666667,98.5416666666667,1014.56666666667,29.9634722222222
"4",20150104,9.9625,85.2361111111111,1026.62083333333,30.3197222222222
"5",20150105,4.575,73.3055555555556,1033.99166666667,30.5372222222222
"6",20150106,7.05774647887324,75.8591549295775,1029.67887323944,30.4097183098592
"7",20150107,6.59718309859155,65.943661971831,1031.76197183099,30.4714084507042
"8",20150108,-0.938888888888889,52.2638888888889,1034.11388888889,30.5408333333333
"9",20150109,2.50833333333333,72.125,1030.57777777778,30.4363888888889
"10",20150110,4.95833333333333,55.1805555555556,1030.64444444444,30.4383333333333
"11",20150111,10.9888888888889,81.3611111111111,1022.88611111111,30.2091666666667
"12",20150112,12.5056338028169,94.887323943662,1022.38169014085,30.1945070422535
"13",20150113,5.10972222222222,88.8055555555556,1026.575,30.3180555555556
"14",20150114,2.91805555555556,92.125,1025.47361111111,30.2856944444444
"15",20150115,3.7,92.875,1024.08888888889,30.245
"16",20150116,5.55211267605634,78.4788732394366,1025.6661971831,30.290985915493
"17",20150117,7.82173913043478,84.6231884057971,1021.7347826087,30.1755072463768
"18",20150118,10.9450704225352,70.056338028169,1023.89436619718,30.2391549295775
"19",20150119,8.93521126760563,80.9154929577465,1020.31408450704,30.1333802816901
"20",20150120,12.3253521126761,85.830985915493,1016.04084507042,30.0071830985916
"21",20150121,14.2055555555556,77.3055555555556,1019.23888888889,30.1015277777778
"22",20150122,11.0611940298507,73.6417910447761,1017.62686567164,30.0540298507463
"23",20150123,5.61666666666667,92.5277777777778,1017.25138888889,30.0429166666667
"24",20150124,7.11527777777778,77.1944444444444,1021.18194444444,30.1590277777778
"25",20150125,11.3777777777778,73.6944444444444,1016.125,30.0094444444444
"26",20150126,-132.964285714286,NA,1020.06571428571,30.126
"27",20150127,14.1,67.1666666666667,1019.98333333333,30.1236111111111
"28",20150128,12.2430555555556,74.4166666666667,1023.08194444444,30.2151388888889
"29",20150129,15.2464788732394,86.4929577464789,1023.44084507042,30.2259154929577
"30",20150130,10.5347222222222,63.3611111111111,1027.50138888889,30.3456944444444
"31",20150131,11.1680555555556,73.2777777777778,1022.67083333333,30.2030555555556
"32",20150201,16.7194444444444,91.9583333333333,1014.64444444444,29.9656944444444
"33",20150202,5.44722222222222,64.4583333333333,1024.06944444444,30.2443055555556
"34",20150203,4.4112676056338,77.0422535211268,1026.44225352113,30.3140845070423
"35",20150204,7.85633802816901,96.5633802816901,1020.14929577465,30.1283098591549
"36",20150205,9.33055555555556,76.2083333333333,1024.77083333333,30.265
"37",20150206,7.14166666666667,66.1805555555556,1028.34861111111,30.3706944444444
"38",20150207,10.9112676056338,80.1267605633803,1022.4323943662,30.1960563380282
"39",20150208,16.3819444444444,85.9583333333333,1015.69166666667,29.9968055555556
"40",20150209,17.0408450704225,73.7605633802817,1015.01267605634,29.9769014084507
"41",20150210,11.7591549295775,66.7887323943662,1017.09014084507,30.0381690140845
"42",20150211,12.0625,70.9027777777778,1018.66527777778,30.0848611111111
"43",20150212,7.82916666666667,96,1022.24166666667,30.19
"44",20150213,8.23333333333333,50.0833333333333,1027.29166666667,30.33875
"45",20150214,13.3076923076923,76.9230769230769,1023.78076923077,30.2353846153846
"46",20150215,15.1744186046512,90.2325581395349,1021.48139534884,30.1681395348837
"47",20150216,12.3756756756757,87.3513513513514,1013.34054054054,29.927027027027
"48",20150217,2.77241379310345,73.0344827586207,1020.01034482759,30.1241379310345
"49",20150218,6.55416666666667,59.8333333333333,1026.52083333333,30.3166666666667
"50",20150219,7.1,55.0416666666667,1028.7625,30.3833333333333
"51",20150220,13.125,70.2083333333333,1020.85,30.1483333333333
"52",20150221,18.9583333333333,78.2083333333333,1016.07083333333,30.0070833333333
"53",20150222,16.6571428571429,83.2,1019.54571428571,30.1097142857143
"54",20150223,5.49444444444444,85.75,1025.46666666667,30.2861111111111
"55",20150224,3.753125,78.3125,1021.9625,30.181875
"56",20150225,5.06938775510204,88.2040816326531,1011.6,29.8761224489796
"57",20150226,5.52,72.8666666666667,1019.23,30.101
"58",20150227,-225.555813953488,NA,1028.33720930233,30.3702325581395
"59",20150228,10.0253521126761,68.0704225352113,1026.75492957746,30.323661971831
"60",20150301,18.0902777777778,91.4861111111111,1023.8375,30.2375
"61",20150302,17,99.3921568627451,1023.81176470588,30.236862745098
"62",20150303,20.07,91.0333333333333,1017.07666666667,30.0373333333333
"63",20150304,20.7267857142857,90.3035714285714,1013.66785714286,29.9373214285714
"64",20150305,1.37659574468085,74.4893617021277,1029.14680851064,30.393829787234
"65",20150306,3.43098591549296,48.7605633802817,1032.6323943662,30.4970422535211
"66",20150307,8.62535211267606,55.4225352112676,1029.89718309859,30.4160563380282
"67",20150308,13.7202898550725,68.7101449275362,1023.29565217391,30.2214492753623
"68",20150309,16.6066666666667,82.3066666666667,1015.84,30.0010666666667
"69",20150310,18.6267605633803,97.0985915492958,1015.22112676056,29.982676056338
"70",20150311,15.3816901408451,95.4788732394366,1019.72253521127,30.1159154929577
"71",20150312,18.1859154929577,96.5211267605634,1016.82253521127,30.0304225352113
"72",20150313,17.7416666666667,89.4166666666667,1015.36527777778,29.9872222222222
"73",20150314,18.2985915492958,80.5633802816901,1018.43802816901,30.0780281690141
"74",20150315,18.8222222222222,81.3611111111111,1022.76388888889,30.2058333333333
"75",20150316,19.8166666666667,75.5694444444444,1022.70833333333,30.2044444444444
"76",20150317,21.2958333333333,82.2083333333333,1019.82777777778,30.1190277777778
"77",20150318,20.3819444444444,90.0555555555556,1016.84305555556,30.0308333333333
"78",20150319,21.2652777777778,86.9722222222222,1016.05,30.0073611111111
"79",20150320,21.8072463768116,87.4347826086957,1018.63913043478,30.0839130434783
"80",20150321,21.3180555555556,91.375,1017.35,30.0459722222222
"81",20150322,20.4958333333333,83.9027777777778,1014.09305555556,29.9495833333333
"82",20150323,16.2614285714286,73.7428571428571,1017.25428571429,30.0432857142857
"83",20150324,17.8573529411765,70.3970588235294,1017.69852941176,30.0560294117647
"84",20150325,18.1333333333333,79.2916666666667,1016.49722222222,30.0206944444444
"85",20150326,18.0763888888889,93.1527777777778,1012.69305555556,29.9083333333333
"86",20150327,14.3986111111111,63.7777777777778,1018.49722222222,30.0797222222222
"87",20150328,14.8486111111111,70.4444444444444,1022.05416666667,30.1847222222222
"88",20150329,18.6486111111111,84.4861111111111,1022.73194444444,30.2047222222222
"89",20150330,20.3152777777778,80.6666666666667,1022.18888888889,30.1884722222222
"90",20150331,19.5458333333333,81.8055555555556,1018.79166666667,30.0884722222222
"91",20150401,21.0154929577465,85.5774647887324,1016.93943661972,30.033661971831
"92",20150402,23.1847222222222,82.3194444444444,1017.41805555556,30.0479166666667
"93",20150403,23.1486111111111,82.2222222222222,1017.31805555556,30.0447222222222
"94",20150404,17.7416666666667,66.6388888888889,1021.82916666667,30.1780555555556
"95",20150405,16.3680555555556,81.1111111111111,1018.76111111111,30.0875
"96",20150406,21.29,91.2857142857143,1017.64857142857,30.0547142857143
"97",20150407,22.7084507042254,83.7464788732394,1018.7,30.0857746478873
"98",20150408,23.0830985915493,86.9577464788732,1017.23661971831,30.0428169014085
"99",20150409,23.9513888888889,87.6527777777778,1015.60555555556,29.9943055555556
"100",20150410,21.6728571428571,91.8285714285714,1017.18,30.0405714285714
"101",20150411,19.8930555555556,92.625,1017.76527777778,30.0583333333333
"102",20150412,20.8492957746479,95.6056338028169,1015.59577464789,29.9942253521127
"103",20150413,22.3128571428571,88.8285714285714,1014.41857142857,29.9594285714286
"104",20150414,-120.52676056338,NA,1016.19154929577,30.0115492957746
"105",20150415,21.7871428571429,89.7857142857143,1015.19857142857,29.9824285714286
"106",20150416,20.9375,96.4722222222222,1015.58888888889,29.9938888888889
"107",20150417,22.1583333333333,89.375,1014.60416666667,29.9644444444444
"108",20150418,21.5861111111111,92.1805555555556,1011.26666666667,29.8661111111111
"109",20150419,22.8305555555556,77.4861111111111,1009.025,29.8
"110",20150420,19.6239436619718,67.3380281690141,1012.27887323944,29.8959154929577
"111",20150421,18.8527777777778,66.4722222222222,1016.02777777778,30.0069444444444
"112",20150422,21.5514285714286,84.4571428571429,1013.99857142857,29.9465714285714
"113",20150423,24.57,84.0428571428571,1012.74142857143,29.9095714285714
"114",20150424,24.2194444444444,92.3194444444444,1011.70972222222,29.8790277777778
"115",20150425,22.3845070422535,93.5352112676056,1008.51690140845,29.7847887323944
"116",20150426,23.3661971830986,89.3943661971831,1006.69577464789,29.7312676056338
"117",20150427,20.8471428571429,90.8,1005.84714285714,29.7062857142857
"118",20150428,17.2885714285714,90.1,1010.08142857143,29.831
"119",20150429,16.1583333333333,73.25,1012.96527777778,29.91625
"120",20150430,19.1847222222222,65.5833333333333,1014.30277777778,29.9556944444444
"121",20150501,21.0166666666667,66.2083333333333,1016.31111111111,30.0151388888889
"122",20150502,21.4211267605634,67.7323943661972,1017.7323943662,30.0571830985916
"123",20150503,21.3211267605634,73.5352112676056,1018.39577464789,30.0764788732394
"124",20150504,21.8157142857143,77.3428571428571,1019.71285714286,30.1155714285714
"125",20150505,23.2180555555556,74.3472222222222,1019.18194444444,30.1
"126",20150506,22.7098591549296,78.4647887323944,1016.95774647887,30.0340845070423
"127",20150507,23.7985915492958,88.4929577464789,1015.87464788732,30.0019718309859
"128",20150508,25.1323943661972,84.6901408450704,1016.16197183099,30.0104225352113
"129",20150509,25.5802816901408,84.2816901408451,1015.79718309859,29.9998591549296
"130",20150510,25.7042253521127,84.056338028169,1015.74929577465,29.9984507042254
"131",20150511,22.9263888888889,90.0416666666667,1017.29166666667,30.0443055555556
"132",20150512,22.2583333333333,91.5694444444444,1020.51388888889,30.1393055555556
"133",20150513,23.0550724637681,86.8840579710145,1020.39855072464,30.1359420289855
"134",20150514,24.4685714285714,83.6285714285714,1019.01142857143,30.0951428571429
"135",20150515,25.21,88.0714285714286,1016.58571428571,30.0232857142857
"136",20150516,25.5985714285714,88.2714285714286,1015.82428571429,30.0007142857143
"137",20150517,26.7171428571429,84.2142857142857,1017.66857142857,30.0552857142857
"138",20150518,24.3739130434783,87.7536231884058,1019.75507246377,30.1169565217391
"139",20150519,24.0694444444444,89.9722222222222,1018.11388888889,30.0686111111111
"140",20150520,25.3555555555556,85,1015.67916666667,29.9966666666667
"141",20150521,23.5760563380282,86.2112676056338,1017.23521126761,30.0422535211268
"142",20150522,21.1328571428571,88.1571428571429,1020.52,30.1394285714286
"143",20150523,25.0492957746479,83.9295774647887,1020.28450704225,30.132676056338
"144",20150524,24.5887323943662,88.5070422535211,1016.42676056338,30.0184507042254
"145",20150525,25.6541666666667,86.6805555555556,1015.94305555556,30.0040277777778
"146",20150526,23.5194444444444,81.9861111111111,1018.29027777778,30.0736111111111
"147",20150527,23.0239436619718,89.8591549295775,1018.94225352113,30.0929577464789
"148",20150528,25.0208333333333,83.0833333333333,1018.19583333333,30.0708333333333
"149",20150529,26.0957746478873,82.9718309859155,1016.61690140845,30.0240845070423
"150",20150530,24.9722222222222,84.5972222222222,1016.82083333333,30.0301388888889
"151",20150531,23.2486111111111,88.5277777777778,1016.275,30.0141666666667
"152",20150601,23.8915492957746,83.056338028169,1016.41830985915,30.0183098591549
"153",20150602,24.3929577464789,77.5211267605634,1015.07183098592,29.9785915492958
"154",20150603,24.6458333333333,75.3194444444444,1013.53611111111,29.9333333333333
"155",20150604,24.9169014084507,72.8732394366197,1014.78169014085,29.9698591549296
"156",20150605,25.6694444444444,76.5277777777778,1015.625,29.9948611111111
"157",20150606,26.7842857142857,73.4857142857143,1014.81714285714,29.9712857142857
"158",20150607,25.9888888888889,82.2777777777778,1014.48194444444,29.9611111111111
"159",20150608,25.7366197183099,83.112676056338,1014.99718309859,29.9764788732394
"160",20150609,24.256338028169,89.6338028169014,1013.38309859155,29.9287323943662
"161",20150610,25.1422535211268,87.4929577464789,1011.91971830986,29.8853521126761
"162",20150611,25.7771428571429,83.9285714285714,1012.34142857143,29.8978571428571
"163",20150612,24.7263888888889,89.75,1013.92361111111,29.9447222222222
"164",20150613,24.6319444444444,89.8888888888889,1015.03055555556,29.9773611111111
"165",20150614,26.6718309859155,84.2394366197183,1015.07042253521,29.9785915492958
"166",20150615,26.0930555555556,86.6527777777778,1015,29.9763888888889
"167",20150616,26.8652173913043,86.6521739130435,1016.28550724638,30.014347826087
"168",20150617,27.7610169491525,83.4915254237288,1016.7186440678,30.0269491525424
"169",20150618,27.6027777777778,82.4722222222222,1017.03194444444,30.0363888888889
"170",20150619,27.7788732394366,81.4929577464789,1017.27605633803,30.0435211267606
"171",20150620,28.1246376811594,78.7971014492754,1018.09275362319,30.0676811594203
"172",20150621,27.8718309859155,81.4788732394366,1019.12676056338,30.0984507042254
"173",20150622,26.7828571428571,84.5285714285714,1019.74714285714,30.1167142857143
"174",20150623,25.8458333333333,85.5833333333333,1020.28888888889,30.1327777777778
"175",20150624,26.6902777777778,83.3194444444444,1020.21527777778,30.1302777777778
"176",20150625,24.5180555555556,90.8333333333333,1018.83888888889,30.0898611111111
"177",20150626,26.6486111111111,84.625,1016.57638888889,30.0229166666667
"178",20150627,26.6,84.6666666666667,1015.64305555556,29.9954166666667
"179",20150628,24.6619718309859,91.112676056338,1016.0676056338,30.0078873239437
"180",20150629,27.3333333333333,83.8611111111111,1016.60555555556,30.02375
"181",20150630,25.3862068965517,90.3275862068966,1017.95517241379,30.0636206896552
"182",20150701,25.7845070422535,89.056338028169,1018.44507042254,30.0783098591549
"183",20150702,27.0387755102041,83.0816326530612,1017.15102040816,30.0397959183673
"184",20150703,27.8125,80.9722222222222,1016.51666666667,30.0209722222222
"185",20150704,25.4028985507246,90.7391304347826,1017.14637681159,30.0395652173913
"186",20150705,26.8541666666667,86.0694444444444,1018.81527777778,30.0893055555556
"187",20150706,27.3930555555556,81.3194444444444,1019.08194444444,30.0969444444444
"188",20150707,28.2916666666667,81.625,1018.72361111111,30.0865277777778
"189",20150708,28.1236111111111,81.25,1019.00972222222,30.095
"190",20150709,28.0013888888889,78.9166666666667,1019.27916666667,30.1029166666667
"191",20150710,27.7736111111111,80.2638888888889,1019.65694444444,30.1141666666667
"192",20150711,27.6694444444444,80.9444444444444,1020.69166666667,30.1441666666667
"193",20150712,28.3125,77.8055555555556,1018.71527777778,30.0861111111111
"194",20150713,28.3902777777778,76.4027777777778,1014.79583333333,29.9701388888889
"195",20150714,27.5375,79.1666666666667,1013.13194444444,29.9211111111111
"196",20150715,28.0833333333333,77.375,1014.36805555556,29.9576388888889
"197",20150716,28.5611111111111,77.125,1015.58333333333,29.99375
"198",20150717,28.6736111111111,77.875,1015.79861111111,29.9998611111111
"199",20150718,28.1486111111111,81.4027777777778,1016.46388888889,30.0195833333333
"200",20150719,29.0527777777778,80.2222222222222,1016.04861111111,30.0073611111111
"201",20150720,29.0985915492958,77.6338028169014,1014.34084507042,29.9569014084507
"202",20150721,27.8661971830986,82.830985915493,1013.50704225352,29.9325352112676
"203",20150722,28.7708333333333,76.3055555555556,1014.34027777778,29.9569444444444
"204",20150723,28.6402777777778,75.3472222222222,1016.31527777778,30.0151388888889
"205",20150724,28.6513888888889,76.875,1016.51527777778,30.02125
"206",20150725,29.7041666666667,74.4027777777778,1014.48194444444,29.96125
"207",20150726,27.9680555555556,79.8333333333333,1013.03055555556,29.9180555555556
"208",20150727,27.3361111111111,84.1527777777778,1013.99305555556,29.9465277777778
"209",20150728,27.4597222222222,81.6944444444444,1015.39305555556,29.9883333333333
"210",20150729,28.7277777777778,77.2083333333333,1016.17638888889,30.01125
"211",20150730,28.3986111111111,78.4722222222222,1015.93333333333,30.0040277777778
"212",20150731,27.875,73.5833333333333,1014.36666666667,29.9577777777778
"213",20150801,27.4069444444444,60.4027777777778,1013.22361111111,29.9238888888889
"214",20150802,27.6736111111111,66.2638888888889,1012.03611111111,29.88875
"215",20150803,27.5430555555556,78.2916666666667,1012.33611111111,29.8976388888889
"216",20150804,28.275,76.8333333333333,1014.37777777778,29.9579166666667
"217",20150805,27.7069444444444,83.6944444444444,1015.99861111111,30.0058333333333
"218",20150806,28.7138888888889,77.1527777777778,1014.50833333333,29.9618055555556
"219",20150807,28.8842857142857,78.3571428571429,1013.46,29.9308571428571
"220",20150808,-124.367692307692,NA,1013.61846153846,29.9355384615385
"221",20150809,29.9652777777778,76.2083333333333,1013.525,29.9327777777778
"222",20150810,30.5763888888889,74.8333333333333,1012.91666666667,29.9148611111111
"223",20150811,26.969014084507,88.112676056338,1015.13521126761,29.9805633802817
"224",20150812,27.8777777777778,78.7777777777778,1015.79861111111,30
"225",20150813,27.8652777777778,69.4305555555556,1015.09305555556,29.9790277777778
"226",20150814,26.7166666666667,77.5833333333333,1015.30555555556,29.9855555555556
"227",20150815,27.6083333333333,76.3888888888889,1015.27083333333,29.9845833333333
"228",20150816,25.25,88.4027777777778,1014.47638888889,29.9611111111111
"229",20150817,26.4194444444444,84.375,1014.43194444444,29.9597222222222
"230",20150818,25.4305555555556,92.5138888888889,1013.69861111111,29.9383333333333
"231",20150819,24.8763888888889,93.7222222222222,1013.1375,29.9213888888889
"232",20150820,25.4633802816901,89.2816901408451,1014.39577464789,29.9585915492958
"233",20150821,24.2722222222222,94.6388888888889,1015.81527777778,30.0006944444444
"234",20150822,26.0736111111111,89.1666666666667,1015.83472222222,30.0009722222222
"235",20150823,28.0805555555556,81.7222222222222,1016.11944444444,30.0093055555556
"236",20150824,28.9680555555556,80.9444444444444,1016.17361111111,30.0111111111111
"237",20150825,26.1180555555556,77,1016.69027777778,30.0263888888889
"238",20150826,23.4041666666667,68.3333333333333,1017.57638888889,30.0525
"239",20150827,22.8111111111111,70.125,1016.41666666667,30.0181944444444
"240",20150828,23.6472222222222,71.2777777777778,1015.62222222222,29.9948611111111
"241",20150829,24.8472222222222,74.5277777777778,1016.49861111111,30.0206944444444
"242",20150830,24.9166666666667,81.8055555555556,1016.33194444444,30.0156944444444
"243",20150831,24.9382352941176,89.1911764705882,1017.03676470588,30.0364705882353
"244",20150901,26.0166666666667,83.2083333333333,1017.33611111111,30.0451388888889
"245",20150902,25.0277777777778,88.7222222222222,1016.85416666667,30.0309722222222
"246",20150903,25.5513888888889,87.6805555555556,1014.225,29.9536111111111
"247",20150904,25.4333333333333,93.0972222222222,1014.69305555556,29.9675
"248",20150905,26.3888888888889,87.9166666666667,1016.00416666667,30.0059722222222
"249",20150906,26.45,87.6805555555556,1015.30972222222,29.9855555555556
"250",20150907,26.3972222222222,81.2777777777778,1014.70277777778,29.9676388888889
"251",20150908,26.2958333333333,82.625,1013.64444444444,29.9366666666667
"252",20150909,25.6027777777778,84.7638888888889,1013.44166666667,29.9302777777778
"253",20150910,24.9861111111111,92.1805555555556,1014.0875,29.9497222222222
"254",20150911,22.8305555555556,98.1388888888889,1013.81111111111,29.94125
"255",20150912,23.26875,62,1014.9,29.9734375
"256",20150913,18.5138888888889,71.8611111111111,1017.70833333333,30.05625
"257",20150914,20.7777777777778,78.1666666666667,1018.59444444444,30.0827777777778
"258",20150915,25.4486111111111,81.4722222222222,1019.50138888889,30.1094444444444
"259",20150916,25.0986111111111,85.1111111111111,1019.41805555556,30.1068055555556
"260",20150917,25.5444444444444,82.3194444444444,1016.05416666667,30.0076388888889
"261",20150918,25.272972972973,81.2702702702703,1013.12162162162,29.9210810810811
"262",20150919,25.7694444444444,78.3611111111111,1013.37222222222,29.9283333333333
"263",20150920,26.9166666666667,74.5972222222222,1014.12916666667,29.9506944444444
"264",20150921,24.7791666666667,79,1014.69583333333,29.9675
"265",20150922,22.8367647058824,74.7794117647059,1016.01323529412,30.0063235294118
"266",20150923,23.2013888888889,77.9444444444444,1015.70416666667,29.9970833333333
"267",20150924,24.4541666666667,80.3888888888889,1015.52361111111,29.9919444444444
"268",20150925,24.5746478873239,76.6619718309859,1014.81830985915,29.970985915493
"269",20150926,24.0380281690141,80.7746478873239,1013.59154929577,29.9347887323944
"270",20150927,23.4402777777778,88.9027777777778,1011.33194444444,29.8681944444444
"271",20150928,23.8125,90.3472222222222,1008.60694444444,29.7876388888889
"272",20150929,24.4338983050847,87.6271186440678,1009.45084745763,29.8125423728814
"273",20150930,24.9208333333333,77.8194444444444,1011.56111111111,29.8747222222222
"274",20151001,22.0722222222222,71.6944444444444,1013.49583333333,29.9320833333333
"275",20151002,18.5153846153846,63.6615384615385,1011.89384615385,29.8846153846154
"276",20151003,17.7768115942029,73.304347826087,1010.26956521739,29.8365217391304
"277",20151004,13.6861111111111,84.5416666666667,1013.39861111111,29.9290277777778
"278",20151005,18.8680555555556,79.6805555555556,1014.88055555556,29.9729166666667
"279",20151006,22.7569444444444,78.4166666666667,1016.46388888889,30.0194444444444
"280",20151007,23.4916666666667,76.5555555555556,1016.42916666667,30.0184722222222
"281",20151008,24.0986111111111,81.6944444444444,1016.70416666667,30.0265277777778
"282",20151009,23.1375,79.2222222222222,1017.80555555556,30.0590277777778
"283",20151010,21.9194444444444,78.4305555555556,1017.96111111111,30.0638888888889
"284",20151011,18.3888888888889,75.9861111111111,1015.725,29.9976388888889
"285",20151012,21.1722222222222,77.4305555555556,1012.37916666667,29.8988888888889
"286",20151013,23.6597222222222,79.0138888888889,1012.83888888889,29.9126388888889
"287",20151014,20.0166666666667,64.3611111111111,1017.16527777778,30.0404166666667
"288",20151015,20.6861111111111,69.9027777777778,1018.99722222222,30.0944444444444
"289",20151016,21.7444444444444,63.7083333333333,1020.69305555556,30.1447222222222
"290",20151017,19.3875,42.8888888888889,1023.60555555556,30.2306944444444
"291",20151018,16.9652777777778,43.25,1025.43333333333,30.2844444444444
"292",20151019,16.4541666666667,67.0277777777778,1023.93333333333,30.2405555555556
"293",20151020,21.2805555555556,79.6805555555556,1021.23194444444,30.1602777777778
"294",20151021,22.4652777777778,80,1021.06527777778,30.1556944444444
"295",20151022,23.487323943662,82.4084507042254,1019.12676056338,30.0984507042254
"296",20151023,24.2388888888889,84.6527777777778,1016.64583333333,30.0248611111111
"297",20151024,23.7845070422535,88.3380281690141,1014.04507042254,29.9480281690141
"298",20151025,21.8422535211268,98.1267605633803,1007.70985915493,29.7611267605634
"299",20151026,20.6333333333333,96.5,1001.88055555556,29.5888888888889
"300",20151027,19.4513888888889,92.125,1008.18194444444,29.7748611111111
"301",20151028,21.0638888888889,85.0416666666667,1010.33055555556,29.8386111111111
"302",20151029,19.4569444444444,78.9583333333333,1013.09722222222,29.92
"303",20151030,20.5819444444444,79.7638888888889,1013.64583333333,29.9365277777778
"304",20151031,22.0347222222222,94.8611111111111,1009.51944444444,29.8144444444444
"305",20151101,19.225,98.7083333333333,1012.08472222222,29.8902777777778
"306",20151102,19.6625,93.2083333333333,1013.45972222222,29.9308333333333
"307",20151103,19.8555555555556,93.3333333333333,1017.04722222222,30.0368055555556
"308",20151104,20.4958333333333,87.7638888888889,1018.80694444444,30.0888888888889
"309",20151105,22.8305555555556,92.9027777777778,1018.21666666667,30.0713888888889
"310",20151106,24.9041666666667,93.6111111111111,1017.6125,30.05375
"311",20151107,20.9388888888889,97.4722222222222,1016.67638888889,30.0259722222222
"312",20151108,15.8152777777778,81.6111111111111,1018.47361111111,30.07875
"313",20151109,15.2152777777778,89.4027777777778,1019.3625,30.1054166666667
"314",20151110,18.3347222222222,86.9861111111111,1019.35694444444,30.1051388888889
"315",20151111,21.9944444444444,90.6527777777778,1015.36527777778,29.9870833333333
"316",20151112,16.9541666666667,79.2777777777778,1019.40972222222,30.1066666666667
"317",20151113,14.3638888888889,63.75,1023.78611111111,30.2359722222222
"318",20151114,13.4805555555556,57.7916666666667,1026.14583333333,30.3055555555556
"319",20151115,14.5347222222222,75.8472222222222,1023.81666666667,30.2365277777778
"320",20151116,21.4277777777778,92.5694444444444,1016.16666666667,30.0109722222222
"321",20151117,22.3013888888889,93.0833333333333,1007.76944444444,29.7627777777778
"322",20151118,15.4263888888889,84.0833333333333,1011.64722222222,29.8773611111111
"323",20151119,14.9083333333333,77.0972222222222,1019.2625,30.1022222222222
"324",20151120,15.0138888888889,76.4583333333333,1018.54722222222,30.0811111111111
"325",20151121,14.3708333333333,90.625,1016.19166666667,30.0118055555556
"326",20151122,6.34444444444444,69.4722222222222,1023.16805555556,30.2179166666667
"327",20151123,6.59027777777778,72.0138888888889,1026.09583333333,30.3040277777778
"328",20151124,11.9486111111111,75.875,1024.23611111111,30.2494444444444
"329",20151125,17.8083333333333,80.6944444444444,1022.65,30.2025
"330",20151126,21.1736111111111,82.8194444444444,1024.50416666667,30.2569444444444
"331",20151127,21.0361111111111,86.7083333333333,1022.68611111111,30.2036111111111
"332",20151128,20.8291666666667,90.3472222222222,1020.58333333333,30.14125
"333",20151129,21.175,90.9027777777778,1018.59861111111,30.0826388888889
"334",20151130,20.6625,93.8194444444444,1015.80555555556,30.0004166666667
"335",20151201,16.7583333333333,99.125,1014.6,29.9648611111111
"336",20151202,11.3958333333333,90.3472222222222,1018.44861111111,30.0784722222222
"337",20151203,9.57222222222222,73.4861111111111,1025.99444444444,30.3011111111111
"338",20151204,7.78611111111111,74.6111111111111,1029.92638888889,30.4172222222222
"339",20151205,10.0541666666667,80.75,1030.23888888889,30.4263888888889
"340",20151206,12.3277777777778,86.0277777777778,1027.78333333333,30.3540277777778
"341",20151207,12.3680555555556,82.0694444444444,1023.68194444444,30.2329166666667
"342",20151208,12.2180555555556,87.7083333333333,1019.03194444444,30.0952777777778
"343",20151209,16.0458333333333,86.8611111111111,1015.92638888889,30.00375
"344",20151210,18.5930555555556,92.1388888888889,1013.875,29.9430555555556
"345",20151211,21.0736111111111,92.0555555555556,1014.57083333333,29.96375
"346",20151212,21.9,90.8194444444444,1015.55416666667,29.9927777777778
"347",20151213,18.6791666666667,93.5555555555556,1009.51666666667,29.8144444444444
"348",20151214,14.2472222222222,78.5,1010.69305555556,29.8491666666667
"349",20151215,15.5375,79.2222222222222,1010.68611111111,29.8488888888889
"350",20151216,18.6888888888889,96.2638888888889,1009.06388888889,29.8011111111111
"351",20151217,10.8069444444444,69.4861111111111,1015.10138888889,29.9794444444444
"352",20151218,7.9,73.125,1025.66666666667,30.2913888888889
"353",20151219,7.36760563380282,70.830985915493,1031.9338028169,30.4764788732394
"354",20151220,12.6164383561644,79.7260273972603,1025.51095890411,30.2868493150685
"355",20151221,19.0555555555556,96.9722222222222,1016.33472222222,30.0158333333333
"356",20151222,19.7069444444444,99.4027777777778,1009.8625,29.8245833333333
"357",20151223,22,96.4722222222222,1004.78472222222,29.6748611111111
"358",20151224,22.6597222222222,98.5694444444444,1012.67777777778,29.9079166666667
"359",20151225,23.3236111111111,98,1016.52638888889,30.0211111111111
"360",20151226,23.3444444444444,95.5138888888889,1014.94583333333,29.9747222222222
"361",20151227,23.7680555555556,92.7638888888889,1008.01527777778,29.7702777777778
"362",20151228,10.8125,80,1010.52361111111,29.8441666666667
"363",20151229,9.07638888888889,84.9861111111111,1018.46111111111,30.0786111111111
"364",20151230,12.3166666666667,88.1805555555556,1020.74166666667,30.1459722222222
"365",20151231,10.9013888888889,75.1666666666667,1022.74305555556,30.2048611111111
"366",20160101,6.51944444444444,82.5972222222222,1027.36805555556,30.3416666666667
"367",20160102,6.89027777777778,74.0138888888889,1027.14722222222,30.335
"368",20160103,7.82361111111111,74.3888888888889,1023.36527777778,30.2236111111111
"369",20160104,7.40923076923077,71.0153846153846,1024.50461538462,30.2570769230769
"370",20160105,4.80149253731343,80.6119402985075,1026.98656716418,30.3302985074627
"371",20160106,11.3166666666667,82.3055555555556,1021.13611111111,30.1579166666667
"372",20160107,14.6597222222222,94.1666666666667,1013.14722222222,29.9218055555556
"373",20160108,14.2902777777778,92.8333333333333,1011.29722222222,29.8668055555556
"374",20160109,13.8194444444444,82.875,1009.96666666667,29.8275
"375",20160110,5.6,73.9583333333333,1022.83611111111,30.2079166666667
"376",20160111,5.075,69.3472222222222,1024.95138888889,30.2704166666667
"377",20160112,7.02361111111111,72.5972222222222,1025.15277777778,30.2761111111111
"378",20160113,7.67777777777778,75.3472222222222,1023.43333333333,30.2252777777778
"379",20160114,10.8541666666667,95.1527777777778,1014.39583333333,29.9584722222222
"380",20160115,14.3375,89.125,1007.26388888889,29.7479166666667
"381",20160116,10.2611111111111,82.4861111111111,1010.92083333333,29.8558333333333
"382",20160117,6.48472222222222,75,1020.89583333333,30.1506944444444
"383",20160118,5.83333333333333,73.9583333333333,1027.27083333333,30.33875
"384",20160119,9.63055555555556,78.2638888888889,1026.3,30.31
"385",20160120,14.7430555555556,90.7916666666667,1020.31666666667,30.1333333333333
"386",20160121,15.9888888888889,92.9305555555556,1013.50138888889,29.9320833333333
"387",20160122,4.82361111111111,80.5138888888889,1018.56111111111,30.0818055555556
"388",20160123,4.05833333333333,77.0277777777778,1024.14861111111,30.2468055555556
"389",20160124,5.94305555555556,80.4444444444444,1021.93611111111,30.1813888888889
"390",20160125,15.9875,83.2361111111111,1017.15555555556,30.0401388888889
"391",20160126,12.1236111111111,92.5555555555556,1017.99305555556,30.0648611111111
"392",20160127,7.75416666666667,63.3888888888889,1020.89027777778,30.1502777777778
"393",20160128,7.26111111111111,66.0416666666667,1020.0375,30.1252777777778
"394",20160129,12.3138888888889,73.0138888888889,1019.02222222222,30.0952777777778
"395",20160130,15.1361111111111,84.8472222222222,1016.3375,30.0159722222222
"396",20160131,17.9777777777778,87.2916666666667,1013.16666666667,29.9223611111111
"397",20160201,18.7527777777778,96.6944444444444,1011.3625,29.8688888888889
"398",20160202,18.8583333333333,98.5277777777778,1007.87777777778,29.7659722222222
"399",20160203,12.4097222222222,65.6111111111111,1017.36666666667,30.04625
"400",20160204,6.61805555555556,64.7083333333333,1027.93888888889,30.3584722222222
"401",20160205,5.37361111111111,66.0277777777778,1030.97638888889,30.4483333333333
"402",20160206,5.8125,73.25,1026.78888888889,30.3244444444444
"403",20160207,6.71666666666667,72.375,1024.50138888889,30.2569444444444
"404",20160208,8.77222222222222,55.3194444444444,1021.21388888889,30.16
"405",20160209,7.825,45.6666666666667,1022.79583333333,30.2068055555556
"406",20160210,7.82083333333333,57.6527777777778,1026.47916666667,30.3154166666667
"407",20160211,15.9680555555556,83.5277777777778,1022.46944444444,30.1970833333333
"408",20160212,16.7444444444444,85.1805555555556,1023.79861111111,30.2363888888889
"409",20160213,12.725,65.3333333333333,1027.49583333333,30.3454166666667
"410",20160214,13.9888888888889,84.0694444444444,1019.2375,30.1016666666667
"411",20160215,15.3569444444444,94.3333333333333,1011.49027777778,29.8727777777778
"412",20160216,13.3194444444444,79.25,1014.83333333333,29.9715277777778
"413",20160217,13.1402777777778,64.6805555555556,1023.16111111111,30.2176388888889
"414",20160218,13.4111111111111,78.1805555555556,1025.96805555556,30.3004166666667
"415",20160219,17.2847222222222,84.6666666666667,1023.85277777778,30.2380555555556
"416",20160220,18.8069444444444,87.2638888888889,1021.08333333333,30.1559722222222
"417",20160221,19.0736111111111,92.0555555555556,1018.05972222222,30.0668055555556
"418",20160222,18.0138888888889,98.8055555555556,1011.66111111111,29.8777777777778
"419",20160223,16.4416666666667,94.4166666666667,1003.35277777778,29.6323611111111
"420",20160224,10.2208333333333,63.4722222222222,1015.29305555556,29.985
"421",20160225,12.1972222222222,56.1388888888889,1023.98472222222,30.2418055555556
"422",20160226,8.75555555555556,60.2083333333333,1028.96388888889,30.3886111111111
"423",20160227,9.59861111111111,72.4305555555556,1026.33055555556,30.3109722222222
"424",20160228,12.9416666666667,84.875,1021.31944444444,30.1631944444444
"425",20160229,16.3902777777778,84.5555555555556,1019.53333333333,30.1105555555556
"426",20160301,19.1194444444444,89.8333333333333,1017.49444444444,30.0501388888889
"427",20160302,15.6194444444444,64.1666666666667,1020.80277777778,30.1479166666667
"428",20160303,18.9069444444444,88.3888888888889,1014.46944444444,29.9605555555556
"429",20160304,15.0507042253521,72.943661971831,1020.10281690141,30.127323943662
"430",20160305,15.2802816901408,76.8591549295775,1021.88028169014,30.1797183098592
"431",20160306,15.4361111111111,74.4583333333333,1022.23055555556,30.1902777777778
"432",20160307,19.1583333333333,76.1527777777778,1017.56805555556,30.0526388888889
"433",20160308,21.3875,84,1013.15,29.9218055555556
"434",20160309,21.5458333333333,92.1666666666667,1010.04722222222,29.83
"435",20160310,21.6194444444444,97.0277777777778,1010.8375,29.8533333333333
"436",20160311,19.0236111111111,91.0694444444444,1016.02777777778,30.0068055555556
"437",20160312,18.0138888888889,98.9305555555556,1013.82916666667,29.9415277777778
"438",20160313,20.2623188405797,86.7101449275362,1011.44492753623,29.8714492753623
"439",20160314,21.3306666666667,84.92,1011.892,29.8845333333333
"440",20160315,21.9180555555556,84.2083333333333,1012.3625,29.8984722222222
"441",20160316,21.5513888888889,90.4722222222222,1014.92916666667,29.9744444444444
"442",20160317,21.9111111111111,90.0416666666667,1013.09166666667,29.9198611111111
"443",20160318,20.2197183098592,90.6619718309859,1010.35070422535,29.839014084507
"444",20160319,15.4777777777778,83.6388888888889,1014.95694444444,29.9752777777778
"445",20160320,10.5833333333333,57.7916666666667,1024.01805555556,30.2430555555556
"446",20160321,8.55833333333333,63.7222222222222,1029.49861111111,30.4045833333333
"447",20160322,12.6694444444444,78.25,1024.00694444444,30.2423611111111
"448",20160323,18.9916666666667,82.5277777777778,1016.10694444444,30.0090277777778
"449",20160324,19.2791666666667,81.4027777777778,1011.19027777778,29.86375
"450",20160325,13.6777777777778,72.0555555555556,1013.88333333333,29.9433333333333
"451",20160326,17.0791666666667,80.5416666666667,1013.92777777778,29.9448611111111
"452",20160327,20.1847222222222,96.9583333333333,1015.1625,29.9811111111111
"453",20160328,20.0583333333333,77.4444444444444,1017.90694444444,30.0620833333333
"454",20160329,19.5263888888889,87.0416666666667,1016.45555555556,30.0193055555556
"455",20160330,21.6402777777778,95.6527777777778,1012.30694444444,29.8969444444444
"456",20160331,23.1388888888889,95.4027777777778,1007.00555555556,29.7401388888889
"457",20160401,17.6652777777778,81.25,1010.41666666667,29.8411111111111
"458",20160402,14.675,53.6666666666667,1019.66805555556,30.1144444444444
"459",20160403,14.2208333333333,59.6388888888889,1022.51527777778,30.1984722222222
"460",20160404,16.4152777777778,68.25,1022.09444444444,30.1858333333333
"461",20160405,18.3833333333333,74.6527777777778,1022.14583333333,30.1876388888889
"462",20160406,18.3875,83.3055555555556,1017.42083333333,30.0477777777778
"463",20160407,19.2591549295775,60.9718309859155,1015.88169014085,30.0025352112676
"464",20160408,18.3541666666667,56,1019.09166666667,30.0972222222222
"465",20160409,16.0625,69.8194444444444,1021.43194444444,30.1665277777778
"466",20160410,18.4611111111111,79.1527777777778,1019.64583333333,30.1136111111111
"467",20160411,22.1013888888889,87.75,1016.34027777778,30.0158333333333
"468",20160412,23.0027777777778,87.3888888888889,1017.21666666667,30.0416666666667
"469",20160413,20.1361111111111,89.8888888888889,1015.88611111111,30.0025
"470",20160414,21.3958333333333,86.6111111111111,1013.02222222222,29.9180555555556
"471",20160415,21.95,87.4722222222222,1012.22916666667,29.8944444444444
"472",20160416,20.7722222222222,87.3194444444444,1015.31388888889,29.9859722222222
"473",20160417,21.9138888888889,81.8194444444444,1018.82083333333,30.0894444444444
"474",20160418,22.0391304347826,81.6521739130435,1020.35217391304,30.134347826087
"475",20160419,21.5708333333333,86.5833333333333,1018.87777777778,30.0908333333333
"476",20160420,21.3222222222222,90.9861111111111,1016.15694444444,30.0104166666667
"477",20160421,19.9680555555556,90.625,1014.79444444444,29.9704166666667
"478",20160422,20.3277777777778,83.6805555555556,1015.93055555556,30.00375
"479",20160423,20.1236111111111,70.8888888888889,1017.05694444444,30.0370833333333
"480",20160424,19.8652777777778,77.0555555555556,1014.51527777778,29.9619444444444
"481",20160425,-116.630555555556,NA,859.702777777778,-109.38375
"482",20160426,24.2305555555556,89.1111111111111,1010.28611111111,29.8372222222222
"483",20160427,23.6708333333333,87.1388888888889,1007.64166666667,29.7588888888889
"484",20160428,24.7583333333333,91.9305555555556,1011.26388888889,29.8661111111111
"485",20160429,25.3375,87.4305555555556,1010.50972222222,29.8438888888889
"486",20160430,23.6916666666667,92.0972222222222,1007.89722222222,29.7665277777778
"487",20160501,21.1111111111111,98.2222222222222,1011.86111111111,29.88375
"488",20160502,20.7347222222222,91.7083333333333,1014.06666666667,29.94875
"489",20160503,19.925,83.7083333333333,1014.66388888889,29.9665277777778
"490",20160504,16.3030303030303,86.3030303030303,1015.80303030303,30
"491",20160505,-210.341860465116,NA,1014.42093023256,29.9590697674419
"492",20160506,18.8736111111111,65.8333333333333,1017.0875,30.0381944444444
"493",20160507,19.3472222222222,68.7777777777778,1017.68888888889,30.0554166666667
"494",20160508,20.3833333333333,76.7916666666667,1015.98333333333,30.0055555555556
"495",20160509,22.8055555555556,83.0138888888889,1013.77361111111,29.94
"496",20160510,24.5263888888889,85.0833333333333,1015.78888888889,29.9997222222222
"497",20160511,24.2916666666667,87.625,1018.12777777778,30.0688888888889
"498",20160512,25.1,84.0694444444444,1018.61527777778,30.0831944444444
"499",20160513,-116.353521126761,NA,1018.61971830986,30.0832394366197
"500",20160514,23.9583333333333,71.1666666666667,1017.41805555556,30.0479166666667
"501",20160515,22.3819444444444,81.375,1017.71666666667,30.0565277777778
"502",20160516,21.4083333333333,90.9861111111111,1015.21111111111,29.9825
"503",20160517,24.2916666666667,88.4861111111111,1012.05694444444,29.8894444444444
"504",20160518,22.7281690140845,87.6901408450704,1014.98028169014,29.9757746478873
"505",20160519,22.1032786885246,88.8524590163934,1014.30983606557,29.955737704918
"506",20160520,23.4013888888889,86.7222222222222,1013.89861111111,29.9440277777778
"507",20160521,25.0319444444444,84.625,1016.67638888889,30.0261111111111
"508",20160522,23.8097222222222,83.9027777777778,1015.04583333333,29.9779166666667
"509",20160523,24.1416666666667,83.4166666666667,1014.32083333333,29.9561111111111
"510",20160524,25.1694444444444,86.5277777777778,1016.95138888889,30.0340277777778
"511",20160525,26.6472222222222,86.6111111111111,1018.65416666667,30.0843055555556
"512",20160526,26.4680555555556,84.75,1016.5875,30.0231944444444
"513",20160527,25.0736111111111,83.125,1013.2625,29.9251388888889
"514",20160528,24.2166666666667,84.0416666666667,1015.14722222222,29.9808333333333
"515",20160529,25.2319444444444,81.5,1018.24166666667,30.0722222222222
"516",20160530,25.6680555555556,83.6527777777778,1015.75277777778,29.9986111111111
"517",20160531,25.6402777777778,81.7777777777778,1013.22361111111,29.9238888888889
"518",20160601,24.0569444444444,93.0694444444444,1013.87916666667,29.9431944444444
"519",20160602,24.3472222222222,91.5694444444444,1014.57361111111,29.9641666666667
"520",20160603,23.5291666666667,96.0972222222222,1013.64583333333,29.9363888888889
"521",20160604,22.0416666666667,97.3333333333333,1011.62083333333,29.8765277777778
"522",20160605,24.5986111111111,87.5833333333333,1009.51666666667,29.8145833333333
"523",20160606,26.15,86.3888888888889,1008.82222222222,29.7940277777778
"524",20160607,26.2916666666667,75.3333333333333,1011.03888888889,29.8594444444444
"525",20160608,27.0541666666667,73.6805555555556,1012.67638888889,29.9077777777778
"526",20160609,26.4041666666667,83.4027777777778,1013.93472222222,29.9447222222222
"527",20160610,26.5013888888889,85.7638888888889,1015.36527777778,29.9873611111111
"528",20160611,26.7583333333333,88.8888888888889,1017.83472222222,30.0602777777778
"529",20160612,25.6041666666667,95.8194444444444,1018.60277777778,30.0826388888889
"530",20160613,25.7914285714286,95,1015.83571428571,30.001
"531",20160614,27.6791666666667,85.9027777777778,1013.5875,29.9345833333333
"532",20160615,28.3652777777778,84.0416666666667,1015.4625,29.9902777777778
"533",20160616,28.4236111111111,81.1805555555556,1015.79583333333,30
"534",20160617,28.6569444444444,81.5277777777778,1014.57083333333,29.96375
"535",20160618,26.6569444444444,87.4027777777778,1016.0625,30.0077777777778
"536",20160619,26.3486111111111,84.0694444444444,1019.70833333333,30.1155555555556
"537",20160620,26.6,85.7916666666667,1021.79166666667,30.1770833333333
"538",20160621,26.4416666666667,86.8611111111111,1020.15416666667,30.1286111111111
"539",20160622,27.3611111111111,77.0555555555556,1018.63888888889,30.0838888888889
"540",20160623,27.1125,79.625,1018.63472222222,30.0838888888889
"541",20160624,27.35,79.2361111111111,1018.42777777778,30.0777777777778
"542",20160625,27.6861111111111,83.125,1018.25555555556,30.0725
"543",20160626,28.7138888888889,79.4166666666667,1018.49861111111,30.0797222222222
"544",20160627,27.4097222222222,83.0138888888889,1017.37361111111,30.0465277777778
"545",20160628,25.3527777777778,91.3333333333333,1015.45694444444,29.9897222222222
"546",20160629,25.3666666666667,87.8055555555556,1014.11805555556,29.9504166666667
"547",20160630,26.2472222222222,86.5138888888889,1014.11111111111,29.9504166666667
"548",20160701,28.1847222222222,79.0833333333333,1015.81666666667,30.0005555555556
"549",20160702,28.3222222222222,79.7777777777778,1016.98888888889,30.0351388888889
"550",20160703,28.6347222222222,80.1111111111111,1016.59722222222,30.0236111111111
"551",20160704,29.5680555555556,78.1805555555556,1016.78888888889,30.0293055555556
"552",20160705,29.5222222222222,79.6111111111111,1017.67083333333,30.0552777777778
"553",20160706,28.2097222222222,88.0138888888889,1017.94861111111,30.0633333333333
"554",20160707,28.2708333333333,84.1805555555556,1017.08472222222,30.0380555555556
"555",20160708,28.5125,81.0138888888889,1017.56111111111,30.0520833333333
"556",20160709,28.1222222222222,81.6666666666667,1017.76388888889,30.0579166666667
"557",20160710,25.9916666666667,87.8611111111111,1016.68055555556,30.0259722222222
"558",20160711,27.0805555555556,84.8888888888889,1016.47638888889,30.0202777777778
"559",20160712,27.9638888888889,82.5277777777778,1016.98055555556,30.0348611111111
"560",20160713,27.7666666666667,86.9861111111111,1018.35277777778,30.0754166666667
"561",20160714,26.3763888888889,94.1111111111111,1017.95138888889,30.0634722222222
"562",20160715,25.3763888888889,92.75,1016.94444444444,30.0340277777778
"563",20160716,25.45,89.6805555555556,1017.23472222222,30.0420833333333
"564",20160717,26.7555555555556,87.1944444444444,1018.87916666667,30.0909722222222
"565",20160718,26.6027777777778,90.8888888888889,1020.93472222222,30.1516666666667
"566",20160719,27.25,88.3055555555556,1021.00555555556,30.15375
"567",20160720,28.6944444444444,79.4444444444444,1020.69861111111,30.1448611111111
"568",20160721,27.8819444444444,86.6944444444444,1019.2375,30.1018055555556
"569",20160722,27.9777777777778,85.7638888888889,1017.59861111111,30.0531944444444
"570",20160723,28.2236111111111,85.0416666666667,1015.10833333333,29.9797222222222
"571",20160724,26.4236111111111,94.2361111111111,1014.64444444444,29.9659722222222
"572",20160725,26.1805555555556,92.2916666666667,1013.78611111111,29.9404166666667
"573",20160726,25.5444444444444,91.9722222222222,1013.46527777778,29.9309722222222
"574",20160727,24.8347222222222,93.4722222222222,1016.09305555556,30.0086111111111
"575",20160728,27.25,87.9722222222222,1016.2625,30.0136111111111
"576",20160729,26.6875,86.0277777777778,1016.41666666667,30.0180555555556
"577",20160730,27.1861111111111,88.2222222222222,1016.34166666667,30.0159722222222
"578",20160731,26.3472222222222,91.4166666666667,1016.73472222222,30.0276388888889
"579",20160801,26.9972222222222,89.9583333333333,1017.83333333333,30.06
"580",20160802,28.3611111111111,85.7361111111111,1017.89305555556,30.0619444444444
"581",20160803,27.7125,87.9861111111111,1016.20277777778,30.0119444444444
"582",20160804,28.5625,82.3055555555556,1014.59722222222,29.9645833333333
"583",20160805,26.8138888888889,89.7222222222222,1014.79305555556,29.9702777777778
"584",20160806,28.2763888888889,84.0833333333333,1014.57916666667,29.9638888888889
"585",20160807,26.6944444444444,90.5555555555556,1013.56805555556,29.9341666666667
"586",20160808,27.1708333333333,83.9166666666667,1012.60138888889,29.9054166666667
"587",20160809,26.3406779661017,93.0847457627119,1013.32033898305,29.9267796610169
"588",20160810,26.0277777777778,94.4305555555556,1014.80694444444,29.9708333333333
"589",20160811,26.1166666666667,96.4861111111111,1014.30138888889,29.9558333333333
"590",20160812,24.0736111111111,99.6805555555556,1011.36805555556,29.8691666666667
"591",20160813,23.1888888888889,99.5833333333333,1010.80555555556,29.8525
"592",20160814,24.7,93.4583333333333,1014.6,29.9645833333333
"593",20160815,27.0041666666667,88.9583333333333,1016.40277777778,30.0176388888889
"594",20160816,26.8277777777778,88.5833333333333,1018.38611111111,30.07625
"595",20160817,25.7819444444444,93.1944444444444,1019.34444444444,30.105
"596",20160818,26.4597222222222,90.6527777777778,1017.95972222222,30.06375
"597",20160819,26.5097222222222,90.7222222222222,1015.62361111111,29.9951388888889
"598",20160820,27.4333333333333,88.5138888888889,1013.48194444444,29.9315277777778
"599",20160821,26.1763888888889,91.7638888888889,1015.67638888889,29.9963888888889
"600",20160822,26.3208333333333,90.8472222222222,1019.11527777778,30.0977777777778
"601",20160823,27.7694444444444,83.9861111111111,1021.07361111111,30.1556944444444
"602",20160824,27.8152777777778,87.4166666666667,1019.89583333333,30.12125
"603",20160825,25.9,94.6388888888889,1017.90277777778,30.0622222222222
"604",20160826,26.7541666666667,86.875,1016.05972222222,30.0075
"605",20160827,25.2958333333333,93.5277777777778,1014.57361111111,29.9638888888889
"606",20160828,25.3069444444444,94.2222222222222,1014.72361111111,29.9683333333333
"607",20160829,24.8111111111111,93.2083333333333,1014.78472222222,29.97
"608",20160830,27.3916666666667,81.8611111111111,1013.50694444444,29.9322222222222
"609",20160831,27.7680555555556,80.7916666666667,1011.75138888889,29.8802777777778
"610",20160901,28.2416666666667,79,1010.32083333333,29.8381944444444
"611",20160902,27.6666666666667,81.2777777777778,1012.52916666667,29.9033333333333
"612",20160903,26.7097222222222,81.2083333333333,1014.18194444444,29.9522222222222
"613",20160904,26.2,90.9305555555556,1015.825,30.0008333333333
"614",20160905,26.4728571428571,91.9428571428571,1018.66571428571,30.085
"615",20160906,26.4486111111111,85.2361111111111,1020.44444444444,30.1372222222222
"616",20160907,27.1194444444444,85.5416666666667,1020.01944444444,30.1244444444444
"617",20160908,26.9180555555556,83.1666666666667,1017.31527777778,30.0448611111111
"618",20160909,26.9478873239437,84.5070422535211,1015.75633802817,29.9988732394366
"619",20160910,26.2986111111111,87.1388888888889,1017.20694444444,30.0418055555556
"620",20160911,24.8513888888889,89.3194444444444,1017.66388888889,30.0551388888889
"621",20160912,24.5333333333333,89.9166666666667,1015.55416666667,29.9927777777778
"622",20160913,25.6014084507042,89.6901408450704,1015.26056338028,29.9842253521127
"623",20160914,26.2352112676056,87.2957746478873,1016.29577464789,30.0146478873239
"624",20160915,25.6450704225352,91.2535211267606,1015.52535211268,29.9919718309859
"625",20160916,24.8830985915493,98.3661971830986,1014.22957746479,29.953661971831
"626",20160917,25.4847222222222,97.3888888888889,1014.96666666667,29.9756944444444
"627",20160918,26.7222222222222,90.2083333333333,1014.48611111111,29.9613888888889
"628",20160919,27.0805555555556,84.6388888888889,1015.66666666667,29.9961111111111
"629",20160920,26.2875,78.9305555555556,1016.28333333333,30.0143055555556
"630",20160921,26.7929577464789,80.8591549295775,1015.43521126761,29.9894366197183
"631",20160922,26.5555555555556,87.5694444444444,1015.7125,29.9975
"632",20160923,26.6041666666667,84.2083333333333,1016.49166666667,30.0204166666667
"633",20160924,25.9069444444444,84.7222222222222,1016.61944444444,30.02375
"634",20160925,25.1777777777778,90.3888888888889,1016.1375,30.0102777777778
"635",20160926,26.0591549295775,81.1408450704225,1015.69295774648,29.9969014084507
"636",20160927,24.6597222222222,83.125,1014.75972222222,29.9694444444444
"637",20160928,24.1486111111111,79.7916666666667,1015.85972222222,30.0018055555556
"638",20160929,21.6541666666667,76.8333333333333,1018.40138888889,30.0768055555556
"639",20160930,18.7680555555556,74.7222222222222,1019.16111111111,30.0993055555556
"640",20161001,20.2416666666667,75.3333333333333,1017.73472222222,30.0572222222222
"641",20161002,21.9736111111111,75.4722222222222,1016.50694444444,30.0205555555556
"642",20161003,21.625,77.9583333333333,1013.60416666667,29.9352777777778
"643",20161004,23.7361111111111,84.0972222222222,1011.72222222222,29.8795833333333
"644",20161005,25.8159420289855,85.8695652173913,1013.72898550725,29.9388405797101
"645",20161006,24.0555555555556,81.0416666666667,1014.18194444444,29.9520833333333
"646",20161007,24.7375,75.7222222222222,1014.29166666667,29.9552777777778
"647",20161008,23.2638888888889,67.1944444444444,1017.81527777778,30.0597222222222
"648",20161009,18.6291666666667,53.4027777777778,1020.91111111111,30.1508333333333
"649",20161010,20.6194444444444,77.7083333333333,1020.79027777778,30.1472222222222
"650",20161011,22.9347222222222,77.2222222222222,1020.90694444444,30.1508333333333
"651",20161012,22.7236111111111,82.1111111111111,1019.59027777778,30.1120833333333
"652",20161013,22.625,78.2916666666667,1019.91527777778,30.1216666666667
"653",20161014,21.5236111111111,81.8055555555556,1019.7,30.115
"654",20161015,23.0652777777778,85.3194444444444,1018.5375,30.0808333333333
"655",20161016,23.5361111111111,84.7638888888889,1016.69444444444,30.0265277777778
"656",20161017,22.9194444444444,90.6111111111111,1013.79722222222,29.9408333333333
"657",20161018,24.1833333333333,85.5972222222222,1014.12222222222,29.9501388888889
"658",20161019,23.8916666666667,89.7083333333333,1015.81805555556,30.0005555555556
"659",20161020,24.2625,87.4027777777778,1016.40555555556,30.0177777777778
"660",20161021,19,85,1018.5,30.08
"661",20161022,9.33333333333333,93.6666666666667,1021.56666666667,30.17
"662",20161023,12.7166666666667,83.8333333333333,1024.08333333333,30.245
"663",20161024,12.4285714285714,94.1428571428571,1025.18571428571,30.2771428571429
"664",20161025,12.9111111111111,91.3333333333333,1022.48888888889,30.1977777777778
"665",20161026,13.15,100,1021.75,30.175
"666",20161027,22.7916666666667,69.0416666666667,1021.99166666667,30.1833333333333
"667",20161028,20.0428571428571,80,1022.25476190476,30.1902380952381
"668",20161029,17.9761904761905,79.8571428571429,1021.62380952381,30.1719047619048
"669",20161030,18.6568181818182,82.1136363636364,1020.84772727273,30.15
"670",20161031,18.2020408163265,81.3469387755102,1019.05510204082,30.0965306122449
"671",20161101,19.0761904761905,81.3095238095238,1018.38333333333,30.0766666666667
"672",20161102,23.3875,72.4583333333333,1020.85,30.1504166666667
"673",20161103,22.924,73.56,1022.268,30.1916
"674",20161104,25.3809523809524,66.0476190476191,1021.80476190476,30.177619047619
"675",20161105,19.5538461538462,60.4153846153846,1022.36307692308,30.194
"676",20161106,19.3970588235294,76.1764705882353,1021.45294117647,30.1669117647059
"677",20161107,16.9767441860465,93.4651162790698,1020.3976744186,30.1358139534884
"678",20161108,20.804347826087,91.8478260869565,1018.91739130435,30.0923913043478
"679",20161109,18.9,86.25,1020.32,30.1335
"680",20161110,15.4444444444444,77.0555555555556,1023.5,30.2277777777778
"681",20161111,14.2285714285714,79.5428571428571,1021.74571428571,30.1754285714286
"682",20161112,13.0714285714286,81.2142857142857,1021.625,30.1721428571429
"683",20161113,13.1578947368421,69.5263157894737,1022.38421052632,30.1947368421053
"684",20161114,13.0357142857143,79.8214285714286,1019.425,30.1071428571429
"685",20161115,18.2666666666667,78.6,1016.31,30.015
"686",20161116,18,73.8333333333333,1017.24166666667,30.0425
"687",20161117,20.3529411764706,79.2352941176471,1016.92352941176,30.0332352941176
"688",20161118,19.2727272727273,88.8181818181818,1019.56818181818,30.1113636363636
"689",20161119,12.8,54.6666666666667,1028.87333333333,30.386
"690",20161120,9.68181818181818,55.5454545454545,1027.95,30.3586363636364
"691",20161121,10.5,76.4090909090909,1022.88636363636,30.2095454545455
"692",20161122,16.8947368421053,76.6842105263158,1019.78947368421,30.1178947368421
"693",20161123,18.6666666666667,92.2083333333333,1019.44583333333,30.1079166666667
"694",20161124,16.44,79.36,1022.648,30.2024
"695",20161125,15.4,78.725,1025.2975,30.2805
"696",20161126,13.0588235294118,82.0980392156863,1026.2862745098,30.3098039215686
"697",20161127,11.0196078431373,75.8823529411765,1019.20392156863,30.1005882352941
"698",20161128,19.0882352941176,93.1764705882353,1006.84411764706,29.7355882352941
"699",20161129,23.6875,95.34375,1005.803125,29.704375
"700",20161130,16.7631578947368,71,1011.95,29.8860526315789
"701",20161201,10.9166666666667,65.2222222222222,1020.15,30.1286111111111
"702",20161202,13.6153846153846,69.4230769230769,1020.86153846154,30.1496153846154
"703",20161203,15.0909090909091,90.0909090909091,1014.87878787879,29.9727272727273
"704",20161204,14.6666666666667,100,1012.83611111111,29.9125
"705",20161205,13.5434782608696,100,1007.51956521739,29.755652173913
"706",20161206,13.7714285714286,89.8714285714286,1013.40142857143,29.929
"707",20161207,13.9193548387097,94.3548387096774,1018.86290322581,30.0904838709677
"708",20161208,9.01538461538462,85.5846153846154,1026.99538461538,30.3306153846154
"709",20161209,4.76119402985075,57.4477611940299,1033.44626865672,30.5211940298507
"710",20161210,5.77611940298507,58.5820895522388,1031.20895522388,30.4553731343284
"711",20161211,14.0428571428571,74.9285714285714,1020.63,30.1428571428571
"712",20161212,20.9565217391304,93.7246376811594,1016.63188405797,30.0246376811594
"713",20161213,21.8870967741935,96.8225806451613,1015.48709677419,29.9906451612903
"714",20161214,12.9911764705882,97.7058823529412,1019.86176470588,30.12
"715",20161215,8.06619718309859,80.7042253521127,1025.49154929577,30.286338028169
"716",20161216,13.6666666666667,91.2222222222222,1018.05,30.0666666666667
"717",20161217,21.8569444444444,97.3194444444444,1012.22083333333,29.8941666666667
"718",20161218,7.25277777777778,88.0694444444444,1023.40694444444,30.2248611111111
"719",20161219,2.46111111111111,69.3888888888889,1033.03055555556,30.5088888888889
"720",20161220,5.47361111111111,72.2361111111111,1030.43333333333,30.4320833333333
"721",20161221,12.8478873239437,81.1830985915493,1024.35070422535,30.2528169014085
"722",20161222,16.5722222222222,97.9166666666667,1023.93611111111,30.2406944444444
"723",20161223,18.0652777777778,95.5555555555556,1022.45694444444,30.1966666666667
"724",20161224,20.1972222222222,94.1388888888889,1021.28194444444,30.1620833333333
"725",20161225,21.9208333333333,95.5277777777778,1020.31527777778,30.1333333333333
"726",20161226,22.1027777777778,97.6805555555556,1023.02777777778,30.2134722222222
"727",20161227,21.3902777777778,96.6944444444444,1022.775,30.2061111111111
"728",20161228,20.2444444444444,99.0555555555556,1019.75416666667,30.1169444444444
"729",20161229,16.1236111111111,65.4166666666667,1024.16111111111,30.2469444444444
"730",20161230,8.275,62.2361111111111,1027.9125,30.3579166666667
"731",20161231,15.0203125,88.34375,1014.98125,29.9759375
